mRNA;mRNAinTriplets;TargetInteractionsofthemRNA
SOD2;91;354
CCND2;63;296
IGF1R;40;325
CDK6;39;313
AHNAK;36;200
GPRC5A;31;144
PALM2AKAP2;29;152
MKI67;27;150
PEG10;26;209
NPTX1;25;132
FN1;24;90
BTG2;23;328
VLDLR;22;126
THBS1;22;173
FGF2;21;136
TXNIP;21;271
CYP1B1;21;64
IRF4;20;111
ABHD2;20;160
GREB1L;20;64
CCND1;20;303
CCNE2;19;76
RAB11FIP1;19;135
IGF2BP1;19;205
MYC;19;130
RAPH1;19;128
MAP1B;18;204
KCNMB1;18;86
ZBTB8B;17;129
NOTCH2;17;177
EPHA7;17;54
CDKN1A;16;347
PRRG4;16;162
TAOK1;16;407
ADAMTS1;16;102
SOX11;16;122
NFIC;15;331
ZMAT3;15;204
TRIM2;15;58
HMGA2;15;188
ZNF711;14;186
SESN3;14;197
DST;14;156
SLC38A1;14;171
LDLR;14;226
ZC3H12C;14;142
HOXA10;14;104
GLUL;13;135
ENPP5;13;122
ITGB8;13;118
SLC7A2;13;105
ASH1L;13;214
RRM2;13;131
PRKAA2;13;71
SACS;13;103
NFIA;12;123
FOSL2;12;137
LIFR;12;104
TNC;12;83
PRLR;12;102
FBN1;12;110
FKBP14;11;106
CDCP1;11;143
ANKRD52;11;325
SCD;11;254
ZNF217;11;158
SYNM;11;71
RORA;11;219
TRPS1;11;156
FBN2;10;68
LMNB1;10;95
PLAG1;10;138
CD274;10;57
COL12A1;10;124
SLC38A2;10;168
EEF2;10;153
E2F2;10;100
CBX6;10;279
MAP3K21;10;99
ACVR2B;10;203
TMEM64;10;127
SFT2D2;10;324
RNF213;10;133
IRS2;9;76
VEGFA;9;161
TP53INP1;9;195
SLC7A11;9;143
RAB3B;9;87
ASPM;9;66
AGO2;9;362
APOL6;9;130
TFRC;9;137
TGFBR3;9;116
IGFBP5;9;170
NAT8L;9;77
TACC1;9;103
RHOB;9;136
MYH9;9;167
FAT1;9;85
NFATC3;9;76
PGM2L1;8;140
FAM241A;8;181
PXDN;8;90
CPEB4;8;134
HYOU1;8;80
SOX4;8;200
PTPRJ;8;125
ARAP2;8;62
MACF1;8;129
NFAT5;8;221
LENG8;8;151
ADAMTS5;8;124
EGR1;8;76
MAP3K9;8;151
CELSR2;8;54
SIK1;8;126
OAS2;8;60
LTBP1;8;40
NDRG1;8;108
SOCS5;8;121
TET3;8;215
ABHD15;8;69
KLRD1;8;60
IRF1;8;82
FNDC3B;8;222
SLCO5A1;8;61
NR6A1;8;126
ANLN;8;78
SIX4;7;167
COL1A1;7;149
TUBB;7;145
ZBTB38;7;143
HSPA4L;7;165
SMG1;7;225
CBX2;7;121
TMEM200C;7;30
MBNL1;7;214
RRAGD;7;81
DPYSL5;7;92
BCL2;7;87
NBL1;7;37
NBL1;7;80
NEGR1;7;105
HSPG2;7;63
ASAP2;7;58
FAXC;7;118
SPOPL;7;101
ZNFX1;7;148
ADARB1;7;73
FAT3;7;103
MYPN;7;126
EPHA4;7;108
IDS;7;89
CADM2;7;65
MAP7;7;64
CEMIP2;7;167
ZEB2;7;58
SGK1;7;97
PHC3;7;129
HIPK3;7;150
ESR1;7;81
PSD3;7;98
AKT3;7;89
PAPPA;7;60
IREB2;6;175
SYBU;6;22
ADAM12;6;43
CD2AP;6;121
HIPK1;6;194
FASN;6;100
SOBP;6;88
MKNK2;6;246
PMAIP1;6;156
SEMA4B;6;32
MDM2;6;353
SNTB2;6;119
BAMBI;6;58
NTRK3;6;32
FRMD6;6;88
MYADM;6;140
HOMER2;6;40
GALNT4;6;36
KCNC4;6;66
CLIC4;6;142
FOXC1;6;112
CHIC1;6;83
DSEL;6;136
ATP2A2;6;151
SQSTM1;6;75
GSK3B;6;144
TRIM71;6;144
PDE3A;6;117
GIGYF1;6;357
NFIB;6;169
IL6ST;6;162
ASPH;6;129
ATP13A3;6;155
AMOT;6;80
HOXC8;6;91
CFL2;6;108
B2M;6;75
E2F7;6;107
WEE1;6;273
CPS1;6;88
WNK1;6;230
LCOR;6;278
DICER1;6;253
DLC1;6;128
CLU;6;80
NACC1;5;311
SLC6A6;5;66
ACTB;5;150
FXYD5;5;33
FSTL1;5;118
KIF5C;5;64
CHD7;5;115
ETS1;5;92
MBNL2;5;64
ATXN1;5;200
ARID5B;5;151
MMP16;5;41
MATR3;5;103
IL6R;5;100
IFI44L;5;41
GPR157;5;82
ITGB1;5;101
PIK3R1;5;104
ANKRD33B;5;76
KLF10;5;115
KIAA1522;5;59
KLHL15;5;351
RASSF8;5;89
ACSL4;5;132
SLC16A1;5;138
AXL;5;56
TOB1;5;67
ADAM9;5;107
CPEB2;5;100
PANK3;5;232
TUB;5;65
NUFIP2;5;478
ZNF512B;5;132
CBX5;5;286
IKZF2;5;82
CD226;5;102
MAFK;5;121
SAMD12;5;91
CYBRD1;5;65
ITGA2;5;121
SPTBN1;5;119
CSRNP3;5;101
TLN1;5;159
CEP55;5;67
TRMT9B;5;139
TET1;5;42
NBEA;5;33
TNFAIP3;5;110
FZD6;5;149
LARP1;5;243
DHCR24;5;101
ID4;5;105
RHOBTB3;5;111
FGFR1;5;95
ARL4C;5;98
DDX3Y;5;56
SLC5A3;5;137
SLC20A1;5;100
MDM4;5;198
MYO10;5;121
CCDC71L;5;102
ABL2;5;189
HOXA9;5;111
PPARGC1A;5;40
MBD3;5;103
QKI;5;157
TENT5C;5;75
SLC16A9;4;85
COL4A1;4;87
IFNLR1;4;152
FOXO1;4;81
LAPTM4B;4;54
FKBP5;4;90
CA8;4;56
ELMO2;4;42
GREM1;4;54
VCAN;4;74
LYN;4;72
GATM;4;68
CPT1A;4;88
CRIM1;4;116
TMEM154;4;103
FRK;4;161
PRUNE2;4;47
SS18;4;48
PTGS2;4;48
RAB3IP;4;152
AMOTL2;4;136
DAB2;4;57
AFF4;4;176
BMPR2;4;130
DYNLL2;4;196
MCL1;4;224
MAST4;4;67
ALCAM;4;46
LRRD1;4;55
SEC23A;4;92
LNPEP;4;194
PCDH10;4;42
LRIG1;4;68
TRIO;4;103
KLF6;4;105
MSI2;4;138
MTHFD2;4;168
CDH1;4;50
S100A16;4;69
SEMA7A;4;76
BTBD3;4;130
HEG1;4;73
IGF2;4;88
ATP6V0E1;4;87
PITPNM3;4;108
THRB;4;60
RGMB;4;128
SOCS3;4;37
INSIG1;4;128
NRIP1;4;90
TNFRSF21;4;70
ST6GAL1;4;29
MICB;4;86
PTGFRN;4;91
CHD1;4;89
ADRB1;4;61
ACVR2A;4;48
PKIA;4;45
ZEB1;4;53
LAMC1;4;149
TSKU;4;105
HSPA1B;4;99
TFAP2A;4;81
PTP4A1;4;194
TGFB1I1;4;17
LBR;4;134
ZFHX3;4;200
ZNF281;4;166
ATP9A;4;128
SGPL1;4;136
PDCD4;4;113
NNT;4;94
KCNK6;4;101
PAM;4;56
PARD6B;4;184
AKAP12;4;54
ZBTB18;4;218
BCAT1;4;83
ASAP1;4;87
ORAI2;4;205
PPTC7;4;94
DIPK1B;4;75
VAV3;4;130
C6orf132;4;73
BCL2L2;4;117
AKAP11;4;191
HHIP;4;114
ELL2;4;105
GPSM1;4;53
KCNQ5;4;43
ITGA3;4;92
NSD2;4;116
NACC2;4;232
F3;4;37
TPM1;4;51
EGLN3;4;37
VIM;4;73
TPD52;4;85
BIRC3;4;52
NOL4L;4;68
SPRY4;4;162
DYNC1LI2;4;123
CKB;4;23
COL5A1;4;73
FAM71F2;4;142
STC2;4;138
TNPO2;4;215
ZNF431;4;189
TIMP2;4;70
HAS2;4;67
ZFHX4;4;78
LPCAT1;4;53
SSH2;4;102
SLC19A2;4;44
SMOC1;4;95
TGFBR2;4;133
SOX6;4;45
ELK4;4;215
AMOTL1;4;111
BNC2;4;94
PLOD2;3;59
SESN2;3;143
TMEM245;3;178
ABCC6;3;51
NUDT3;3;217
REL;3;190
DSP;3;53
REV3L;3;157
DIRAS1;3;37
SMAD7;3;100
SHANK2;3;39
COL1A2;3;89
FGFR2;3;13
BACH2;3;67
GNS;3;103
SLC1A2;3;51
KMT2A;3;239
GOLGB1;3;56
MYO1D;3;60
KMT2D;3;316
RNF145;3;35
SSTR2;3;61
CITED2;3;53
APP;3;128
PRICKLE1;3;86
KCNMA1;3;20
EFR3A;3;66
LRRC41;3;76
SYNPO2L;3;77
PRKDC;3;135
CCDC88A;3;40
TTYH3;3;107
MLEC;3;151
ZCCHC2;3;110
DSG2;3;67
CNKSR3;3;160
GABARAPL1;3;56
ZNF850;3;103
AFF1;3;97
PMEPA1;3;84
EGFR;3;61
IKZF3;3;141
IRS1;3;55
SH3BP4;3;63
KIAA1549;3;84
TNRC6C;3;165
MAVS;3;147
GJC1;3;64
PPP1R12B;3;67
PEX5L;3;60
KLF12;3;44
NR4A1;3;28
GALNT7;3;58
NUP50;3;87
TP53;3;136
ACTC1;3;63
FOXP1;3;125
VANGL1;3;103
KIF1A;3;32
XPR1;3;56
CDK5R1;3;50
FHL2;3;88
ZNRF3;3;84
SLC7A1;3;144
MTRNR2L8;3;35
TNKS1BP1;3;109
KLF11;3;37
TRPC3;3;35
IL1R1;3;23
KCTD12;3;81
ITPRIPL2;3;137
BRI3BP;3;146
AURKA;3;83
HOXB3;3;88
MTUS1;3;75
ZNF107;3;150
TFPI;3;75
NCKAP1;3;201
CDK1;3;54
EN2;3;110
POU2F2;3;78
KCND3;3;53
ABL1;3;101
AQP3;3;57
ZNF772;3;94
PSAP;3;104
FLRT2;3;22
IL1A;3;20
SLC2A3;3;88
PRRX1;3;50
BPTF;3;112
TRIOBP;3;82
CRY2;3;122
SYNGR2;3;61
YIPF4;3;196
PTPN13;3;32
BRCA1;3;41
CXCL5;3;66
ARNTL2;3;51
ZNF704;3;137
BCL11A;3;60
GABBR1;3;62
COL3A1;3;39
PTPRD;3;57
NRXN3;3;76
RNF165;3;72
ZNF208;3;51
PBX1;3;69
SLC40A1;3;17
MCM7;3;80
SALL1;3;72
BBX;3;126
DUSP8;3;46
OSTM1;3;114
OTUD4;3;162
SPEN;3;190
EPAS1;3;63
CEMIP;3;58
RIF1;3;161
PIK3CB;3;47
MIB1;3;86
KATNAL1;3;128
RNF125;3;95
PARP15;3;104
SLC35F5;3;123
ARHGAP29;3;65
FST;3;32
EPS8;3;41
PTPRF;3;122
MIDEAS;3;149
SMC4;3;64
RAPGEF2;3;91
BTLA;3;49
ZNF703;3;138
APAF1;3;97
CSNK1E;3;115
CPEB3;3;110
JMJD1C;3;120
LPP;3;198
JCAD;3;61
DEPP1;3;34
ACADSB;3;53
ENPP2;3;47
HIF1A;3;130
NPAS2;3;14
RBP1;3;7
PRRC2C;3;180
EDEM1;3;72
DUS1L;3;54
LUZP2;3;37
SOX5;3;60
TSC22D3;3;73
PDE4DIP;3;98
SLC16A7;3;39
MXD1;3;67
EPM2AIP1;3;86
RAB3C;3;45
PDIA6;3;79
SREBF1;3;69
ZFP36;3;100
MTMR3;3;88
CAPRIN2;3;77
PPL;3;31
LAX1;3;75
RGS17;3;69
PDE7A;3;104
STAT2;3;71
MAMLD1;3;24
GLI2;3;60
CCN2;3;63
HPSE;3;62
CREBRF;3;199
JAG1;3;37
TRIL;3;6
RIMKLA;3;31
TUBB2A;3;69
COL5A2;3;36
RORB;3;45
VGLL4;3;104
MYBL1;3;79
CLSTN3;3;20
CENPF;3;76
CACNG8;3;171
SLC30A1;3;92
DKK1;3;30
ZNF185;3;33
STC1;3;60
WASF3;3;50
TOP2A;3;67
NTRK2;3;17
QSER1;3;159
ARFGEF3;3;73
TIPARP;3;55
IRAK2;3;48
AR;3;110
GLB1L3;3;25
ZNF621;3;104
ZNF121;3;88
NPTXR;3;100
IGF2BP3;3;70
GATA6;3;136
WWTR1;3;80
PRSS23;3;46
CA12;3;33
JARID2;3;117
EREG;3;85
RTL6;3;47
NR3C1;3;162
PURA;3;176
SLC29A1;3;91
EFEMP1;3;25
SLITRK4;3;42
ZNF614;3;46
ZBTB20;3;134
DHX33;2;105
MPPE1;2;76
SAR1B;2;105
PHLPP2;2;100
PIM1;2;53
PHF19;2;126
RASL11B;2;15
PPP1R14C;2;50
ERRFI1;2;66
ZBED3;2;80
MTHFR;2;54
SERINC1;2;86
CPXM2;2;23
BHLHE40;2;58
OGT;2;129
SBK1;2;85
SIPA1L2;2;46
JMY;2;101
SLC44A1;2;79
ADAM17;2;99
KIF2A;2;51
FOXB1;2;22
TJP1;2;86
TBL1XR1;2;219
LRP1;2;47
SERPINI1;2;7
MAPRE3;2;50
ST3GAL1;2;49
LRATD1;2;16
HSPA8;2;123
DDIT4;2;105
FLNB;2;42
PTCH1;2;46
PRTG;2;50
PPP1R12A;2;110
SDC2;2;50
EIF5A2;2;87
VPS13A;2;38
SKP2;2;44
NEO1;2;39
FNIP2;2;71
MARCKSL1;2;89
KIAA0895;2;69
ZBTB34;2;177
RPL28;2;90
TPM4;2;87
C2CD2;2;60
IFITM1;2;37
UNC5B;2;98
ZNF768;2;45
RPS6KA5;2;136
KCNB1;2;76
MFAP3;2;69
GAB1;2;52
PURG;2;25
FIGN;2;106
FRS2;2;169
HS3ST1;2;120
ARC;2;37
RPS3;2;53
HSPH1;2;68
QSOX1;2;123
SLC4A7;2;81
MICAL2;2;89
CTSS;2;26
CUX1;2;112
PTPRK;2;39
TSPAN1;2;24
TMEM101;2;52
ZNF451;2;248
PLPP1;2;14
ATM;2;117
NME4;2;73
PNRC1;2;96
CCDC186;2;38
NUDCD1;2;26
FEM1B;2;174
IPCEF1;2;52
ITPR3;2;20
CSNK1A1;2;158
SLC43A2;2;75
SOCS7;2;213
GAS1;2;46
WNT5A;2;68
CRYBG1;2;34
PER3;2;28
CADM1;2;63
PWP2;2;13
SZRD1;2;135
PITPNC1;2;40
TLK1;2;55
ADGRD1;2;16
TCF23;2;77
SLC39A10;2;66
CDC42SE2;2;59
RPS19;2;53
TMEM63A;2;54
BAP1;2;51
NREP;2;32
KIF5B;2;139
RNF217;2;98
PPRC1;2;63
C2orf69;2;51
ARHGAP11A;2;61
AVPR1A;2;39
SPATA13;2;75
DPYSL2;2;74
ATF3;2;26
L2HGDH;2;94
TRIM59;2;71
RASSF5;2;35
ZBTB46;2;113
AHR;2;112
MYLK3;2;109
TGFB2;2;38
KITLG;2;23
OPHN1;2;54
ROBO1;2;75
CDH2;2;41
CHORDC1;2;89
ATP5MC3;2;108
CXCL2;2;15
ABHD17B;2;72
SGK3;2;56
MITF;2;28
SLC6A4;2;69
SH3BP5;2;44
SCAMP4;2;135
GPSM2;2;53
PTPN14;2;165
C3;2;96
MID1;2;53
EIF4G1;2;188
AGRN;2;37
CLTC;2;184
FYTTD1;2;113
NR2F2;2;82
TSPYL1;2;132
TP53BP1;2;41
GCNT2;2;23
C6orf89;2;48
SEMA6D;2;64
MAN1A1;2;24
NT5DC3;2;93
ZFHX2;2;30
XKR7;2;62
PRKAB2;2;69
IFNAR2;2;120
FGF9;2;39
FAM160A1;2;35
EYA1;2;18
HMGA1;2;170
PGGHG;2;16
CHD9;2;139
APLP2;2;102
FASLG;2;21
RNF128;2;20
PAX6;2;31
CLEC12B;2;28
SOGA1;2;110
DDAH1;2;76
PABPC1;2;113
KCTD15;2;95
ATP2B4;2;57
CDC25A;2;82
PGR;2;31
SLC25A36;2;131
CD38;2;21
ELAVL3;2;47
F2RL3;2;65
SLFN5;2;58
SYT4;2;22
FDXR;2;23
EPB41;2;79
FGD4;2;65
PLAU;2;13
CDC6;2;37
RECK;2;72
MYOF;2;33
KLF9;2;45
ABI2;2;225
GDF11;2;64
LY6K;2;44
PARP1;2;175
USP34;2;64
RBM20;2;74
ERC1;2;113
RBM47;2;63
KCNN3;2;90
UQCRB;2;56
SUCO;2;120
NCAM2;2;33
STEAP4;2;25
PAG1;2;92
CELSR3;2;103
DDX21;2;101
HEPHL1;2;37
VPS13D;2;75
VPS13B;2;25
KAT6A;2;103
GSPT1;2;92
MEST;2;20
BCOR;2;106
IRF2BP2;2;140
EZH1;2;38
HSPA1A;2;27
SMAD3;2;60
ZNF714;2;49
C21orf58;2;44
PLEKHH1;2;58
BMP2;2;45
USP37;2;79
LHFPL2;2;91
TMPPE;2;65
ITPR1;2;60
ENAH;2;126
SYNE2;2;71
KPNA2;2;115
H2AX;2;72
GNA13;2;85
SPATS2L;2;72
ITGA6;2;42
ARRDC4;2;45
CKAP2L;2;46
UBE3C;2;109
PDGFRA;2;68
BRD4;2;120
SMC2;2;39
ZNF43;2;81
KDM6B;2;188
LEPR;2;21
TENT4B;2;117
TNK2;2;61
CGNL1;2;60
KIAA0513;2;105
GPRIN3;2;103
EP300;2;116
TMEM132B;2;47
DCP2;2;172
GOLGA4;2;85
GAN;2;209
DTX3L;2;65
CAV1;2;83
ADGRL2;2;46
PABPC3;2;22
SLC2A1;2;63
EFNA5;2;67
G2E3;2;77
NPDC1;2;55
TRAK2;2;38
CRYBG3;2;48
IL21R;2;44
SEC24A;2;134
NFIX;2;144
TUT4;2;33
ARHGEF10;2;18
MTF2;2;113
NUP210;2;80
G3BP1;2;300
COL6A1;2;34
CENPN;2;89
SCAMP2;2;100
MTSS2;2;80
FZD5;2;71
MYO1F;2;94
SORL1;2;31
ULBP3;2;76
LONRF2;2;123
KIF1B;2;139
ZNF827;2;85
MICA;2;89
EDARADD;2;36
GCNT4;2;33
TMOD2;2;61
ANKH;2;43
CCDC198;2;49
TCF4;2;57
VCL;2;118
TMEM25;2;31
VHL;2;86
MRNIP;2;120
ZNF264;2;317
ADD3;2;46
MTMR12;2;79
ALG10B;2;91
RBM23;2;167
KCNJ6;2;101
ZNF285;2;34
ADORA2B;2;31
SFMBT2;2;78
MYLIP;2;147
BPNT2;2;72
ANXA2;2;28
ZFP36L2;2;72
DDI2;2;155
PABPN1;2;177
ZNF611;2;55
GBF1;2;59
DUSP1;2;55
E2F1;2;74
RB1;2;70
MTR;2;89
TMEM170B;2;72
ZFPM2;2;12
PCGF5;2;86
SRRM2;2;201
BACE2;2;110
TOM1L1;2;12
SEC24C;2;56
ABCC3;2;14
MINDY2;2;72
KIAA0040;2;56
CORO2B;2;7
KLHL28;2;173
ELF1;2;38
LAPTM4A;2;62
SH3PXD2A;2;192
TNRC6A;2;376
ITGAV;2;68
MBD2;2;51
TRIB3;2;55
BCL11B;2;73
LRP8;2;42
PLEKHA1;2;158
ZIC2;2;58
ZFP36L1;2;151
MPP2;2;68
MEF2D;2;189
LTBP3;2;56
DDHD1;2;81
ULK1;2;116
SKIL;2;161
SALL4;2;35
TENT5A;2;93
MAL2;2;33
PRPF8;2;118
USP31;2;72
DSC2;2;43
ATAD2;2;63
ZNF275;2;85
OSMR;2;73
ZNF367;2;102
USP6NL;2;118
EDN1;2;57
ZNF460;2;193
ELF3;2;25
NRP1;2;96
E2F3;2;201
KPNA5;2;81
AUTS2;2;42
KCNN4;2;10
HIPK2;2;129
FOXK1;2;326
IGF1;2;92
ZNF770;2;89
TRIM14;2;25
PCNX2;2;82
CD44;2;112
HMBOX1;2;87
SMARCD1;2;83
ZBTB4;2;120
STARD4;2;45
PCDH9;2;45
SLC1A1;2;39
FAM102A;2;76
PRKCB;2;58
KCNMB4;2;22
PRRC2A;2;119
SLC24A2;2;31
COX20;2;50
ZNF573;2;72
ALDH1A2;2;28
DYNC1H1;2;158
MELK;2;21
TOR1AIP2;2;188
TSC22D1;2;73
ENPP4;2;71
OPTN;2;32
INHBA;2;75
MET;2;73
HNRNPA1;2;188
FNDC3A;2;97
GFOD1;2;30
ATXN2L;2;81
NCAPD2;2;75
ADAM22;2;38
NCAPG;2;34
EFNB2;2;64
TMEM178B;2;88
MINK1;2;136
THY1;2;39
SYT7;2;93
PTK7;2;41
CD55;2;65
MYB;2;30
DCDC2;2;21
ATP6V1C1;2;75
TES;2;81
NAPEPLD;2;52
FAM222B;2;83
WNK3;2;81
ANTXR1;2;42
LIPG;2;87
RUNX1;2;107
PTBP3;2;114
PCLAF;2;66
ZYG11A;2;102
CYP51A1;2;80
DCAF7;2;243
SUZ12;2;82
PALLD;2;68
SASH1;2;76
SECISBP2L;2;169
UGCG;2;136
NHLH2;2;19
ZNF583;2;49
LRATD2;2;77
CLEC2D;2;64
CBS;2;78
NR1D2;2;73
TM4SF1;2;88
GLDN;2;19
TGOLN2;2;149
SYDE2;2;35
SPRED1;2;143
FEM1A;2;240
SP100;1;24
NF1;1;106
LGALS8;1;41
UBE2W;1;91
SLC24A4;1;106
PPM1A;1;104
COL8A1;1;49
GPR176;1;36
EIF1AD;1;88
SSX2IP;1;68
FZD4;1;62
PEA15;1;82
PIGO;1;97
SURF6;1;48
LRRC32;1;23
WNT7A;1;12
NFE2L1;1;154
ECI2;1;11
PCNX4;1;52
IER3;1;46
AS3MT;1;60
AGO4;1;80
FOXP2;1;52
SPTBN2;1;63
NR4A3;1;36
NAA50;1;156
NKTR;1;46
STK24;1;48
MUC4;1;19
HOXA1;1;32
NHSL1;1;27
NOD2;1;6
ABI3BP;1;15
CHDH;1;26
MGAT4C;1;30
SLC35D1;1;40
MUC1;1;9
BBS10;1;58
SAMD4A;1;66
H4C8;1;26
BCL2L12;1;59
KANK2;1;39
ARMH3;1;89
MTRNR2L1;1;49
WDR3;1;70
ZSWIM6;1;78
PLCE1;1;70
PLEKHM3;1;73
EPB41L4B;1;53
USP15;1;91
ZBTB9;1;15
ELK3;1;48
PCNX1;1;73
ADCY1;1;20
TTC28;1;52
MAP3K3;1;56
SKI;1;270
CREB1;1;134
NOXA1;1;10
MYCN;1;52
TLE3;1;76
KAZN;1;19
TFPI2;1;19
MON1B;1;107
DCLK3;1;22
SYNE3;1;24
HACD4;1;68
ZFP41;1;9
SLC7A14;1;44
FAM107A;1;31
PRKAR1A;1;119
HOXA7;1;56
OCIAD2;1;77
ITGA8;1;23
IQGAP1;1;83
SNTN;1;49
DIAPH1;1;114
PKM;1;199
GUCA1B;1;13
HOXB6;1;80
TMEM123;1;68
DUSP16;1;53
CASK;1;38
DNAJB4;1;66
SATB2;1;109
CDK9;1;42
RHOC;1;71
S100A4;1;7
MED12;1;21
MPZL3;1;45
SRCAP;1;224
UGT2B17;1;4
NAV2;1;93
RARG;1;23
GLMP;1;27
SDK1;1;34
SLC26A2;1;79
RPL27A;1;64
SETD3;1;23
NR2C2;1;117
ERF;1;40
C3orf52;1;33
PYROXD1;1;11
EMB;1;35
PCSK2;1;27
ZBTB16;1;47
RPL31;1;19
NEK9;1;91
PPP1R16B;1;64
CNTN1;1;11
MACC1;1;125
SP3;1;70
GALNT10;1;83
LDHA;1;83
FREM2;1;36
PDS5A;1;91
CALHM5;1;82
MRPL34;1;38
DTX4;1;29
LTA4H;1;34
NHS;1;48
MYBPC1;1;60
HRK;1;82
ADH1B;1;27
ANGPTL3;1;41
CACNA1B;1;27
PAWR;1;73
ARF6;1;96
NRP2;1;30
PDZD8;1;173
HLA-B;1;62
ASGR2;1;30
LATS1;1;102
TM9SF2;1;36
IL2RA;1;50
DYRK2;1;182
ZCCHC3;1;126
HERC6;1;9
GALNT3;1;65
GLUD2;1;23
FOXM1;1;29
SLC9A7;1;54
LRRN1;1;9
SPECC1;1;38
GTF2H2C;1;49
FAT4;1;17
INO80D;1;129
SLC16A6;1;45
TM7SF3;1;49
CERS2;1;122
SCRN1;1;48
GSR;1;84
NAA25;1;83
GRIN2A;1;51
PLPP3;1;71
ATXN1L;1;157
PARVA;1;31
DIP2C;1;37
CREB3L2;1;124
CCDC117;1;97
KIFC1;1;31
FEM1C;1;141
USO1;1;36
ARID3B;1;31
CYP4F11;1;35
REPIN1;1;104
SLC9A2;1;19
REEP3;1;135
COL4A2;1;52
ABHD17C;1;43
SRRM4;1;46
CBX4;1;76
MAT2A;1;176
FOXN2;1;119
CCPG1;1;56
ICA1L;1;83
ONECUT3;1;139
ZNF655;1;54
NPM1;1;68
CSGALNACT1;1;38
CASKIN1;1;59
SYNE1;1;52
RAPGEFL1;1;22
CD46;1;91
EVL;1;14
KAT2B;1;29
CNTRL;1;13
SRD5A1;1;65
SPIB;1;86
NUDT21;1;68
CTSA;1;62
MEX3A;1;116
GDPGP1;1;50
ANO6;1;45
VOPP1;1;33
MAT1A;1;45
CELF4;1;16
ZNF507;1;116
JADE1;1;60
B4GALT5;1;109
ANKRD29;1;11
LGSN;1;87
CRTAP;1;98
C14orf28;1;26
KCTD10;1;64
ZNF417;1;152
WDR37;1;56
INPP4B;1;11
SRGAP1;1;94
FOXF2;1;29
CASP3;1;71
COL15A1;1;18
STRIP2;1;64
SYK;1;35
ITGBL1;1;24
SMARCD2;1;44
ANP32E;1;112
CNOT6;1;120
SIGLEC15;1;9
LIF;1;80
CD34;1;6
SLC2A14;1;27
ARSD;1;28
SPTAN1;1;44
TMTC3;1;88
NBEAL2;1;41
PKD1;1;130
KRAS;1;109
ATP6AP1;1;65
NETO2;1;80
SELENOI;1;111
GOLGA8B;1;67
STK26;1;16
DNAH9;1;61
PLAGL2;1;229
CEP170;1;58
DOCK3;1;10
CLN8;1;127
TTYH2;1;14
TRIB1;1;167
NAMPT;1;37
PTPN7;1;5
ZC3H12B;1;58
TNFAIP1;1;86
RAB34;1;41
EEF1D;1;136
BMP6;1;10
HYPK;1;79
ZNF678;1;180
TMEM200A;1;14
SERINC3;1;88
GFPT2;1;32
CDC42EP4;1;50
PREX1;1;35
FBXO33;1;32
PDGFD;1;7
CANX;1;227
STK35;1;117
LMBRD2;1;30
SH3PXD2B;1;22
IGSF3;1;50
HES4;1;15
PDGFRB;1;18
EP400;1;39
AGO1;1;194
SCD5;1;62
ZNF519;1;37
LCN10;1;3
CRKL;1;179
PHF13;1;81
FAM50B;1;5
FICD;1;72
CD109;1;25
SEC31A;1;67
PLEKHG3;1;86
KLK10;1;36
TASOR2;1;95
B4GALT1;1;121
BAZ1B;1;69
EPB41L2;1;26
TNKS2;1;102
PDP2;1;139
SULT1B1;1;130
FOXO3;1;79
RICTOR;1;140
CAP1;1;44
HDGF;1;237
MAGT1;1;58
KIT;1;29
WBP2;1;108
BRWD3;1;88
CEACAM6;1;15
PTPN1;1;77
PFKFB2;1;52
RASSF3;1;49
ETV1;1;27
STX12;1;46
NCOA7;1;47
SCARF2;1;25
PIK3C2A;1;74
ECE1;1;104
RERE;1;46
CAMK2N1;1;63
PPIP5K2;1;78
RNF39;1;10
UHMK1;1;290
STMN3;1;46
RHOH;1;35
INTU;1;99
RCAN1;1;64
SERTAD2;1;122
SFN;1;68
USP9X;1;147
GLIS3;1;31
SLMAP;1;31
TSPAN6;1;83
PIMREG;1;3
LMNB2;1;263
ZNF680;1;73
AGAP1;1;100
MEGF9;1;35
H4C3;1;12
SLC4A4;1;28
PDLIM1;1;14
SCARA3;1;24
ZNF518B;1;53
CCDC6;1;126
TRAF6;1;80
ARHGAP18;1;55
BACE1;1;22
SLC6A8;1;103
COL27A1;1;18
GTF2I;1;32
SVIP;1;38
RAVER1;1;27
PRR15;1;17
MTSS1;1;16
WWC1;1;70
WASF2;1;164
ARHGDIA;1;166
SIPA1L3;1;30
CCL22;1;71
DVL3;1;96
GNG2;1;16
ALDOA;1;161
CCN1;1;54
PRICKLE2;1;53
PIP4K2B;1;63
PHF12;1;175
ATL3;1;152
PRXL2A;1;69
EML5;1;13
SLC7A8;1;10
RAB11FIP2;1;61
IL11;1;7
SLC8A1;1;50
PILRB;1;65
DCUN1D3;1;78
ATP1A1;1;86
TBC1D9;1;61
SMAP2;1;10
NTN4;1;32
SSBP2;1;133
CAD;1;87
MARCKS;1;89
SLC35G2;1;26
MIF;1;6
SLFN12L;1;79
GGA3;1;78
DMXL1;1;73
ADM;1;91
TOPBP1;1;46
UNKL;1;72
TMPRSS2;1;13
ZNF618;1;48
SH3BP2;1;62
SHOX2;1;57
ZFAND4;1;68
KIAA1671;1;54
SP1;1;212
MRPL12;1;31
VMP1;1;80
PHACTR4;1;94
SEMA4C;1;87
STRN4;1;57
NOVA1;1;17
KIF21A;1;53
MIOX;1;37
SV2A;1;28
C5orf51;1;153
NXPE3;1;42
CEP128;1;20
PELI2;1;18
GNE;1;62
WDR75;1;47
SLC22A23;1;60
KMT2B;1;112
PCP4L1;1;41
ZDHHC15;1;48
PTCHD1;1;75
CACNA1A;1;65
CFAP97;1;26
TPT1;1;68
COL10A1;1;5
ZNF248;1;25
OSBPL8;1;58
PPP2CB;1;36
CLEC12A;1;12
LRPAP1;1;85
PRDM1;1;76
KCNS2;1;19
CDKN1B;1;162
MLLT6;1;118
EPHA2;1;67
TNFRSF11A;1;34
FANCI;1;26
HIVEP2;1;67
PHLDB2;1;66
NRBP1;1;114
GPC4;1;78
GATA3;1;14
SNAI2;1;44
HSP90B1;1;152
LPIN1;1;32
NIPAL3;1;37
SRF;1;109
ZNF439;1;51
ZNF561;1;53
ENTPD5;1;68
DUSP5;1;47
TUT1;1;17
NUCB2;1;33
RALGPS2;1;42
APC;1;44
PGK1;1;93
ARHGEF28;1;35
SP4;1;54
LOXL4;1;11
MAN2A1;1;40
TNS1;1;71
KLF13;1;141
CTIF;1;31
AKT1;1;97
MAP9;1;7
DNALI1;1;10
PPM1L;1;104
SC5D;1;53
ANKRD36;1;62
SDC4;1;58
NT5C2;1;73
MAPK13;1;37
SESN1;1;101
EIF4EBP2;1;154
NACA;1;48
PDLIM5;1;116
SERPINE1;1;62
MAML3;1;37
CTNNA3;1;26
SLC29A2;1;58
MB21D2;1;33
SHMT1;1;78
PLLP;1;39
PTPRG;1;59
CTTNBP2;1;14
SYNGR1;1;64
CASTOR2;1;161
GPR183;1;27
HOXA13;1;107
LAT2;1;39
GPR63;1;52
FMNL3;1;101
IER5;1;77
ANXA11;1;53
GDI1;1;79
DENND4C;1;69
TENM4;1;29
UNC119B;1;61
ATP8B2;1;64
GNB1L;1;41
RAB30;1;69
SKAP2;1;38
ECT2;1;36
MYO6;1;62
LOXL2;1;56
TRAF1;1;73
CD200R1;1;38
UBASH3B;1;28
ARHGAP5;1;63
CPNE1;1;22
AGPAT1;1;31
PLXNA4;1;45
ARRDC3;1;75
ZADH2;1;75
NPEPPS;1;94
CLDND1;1;57
NCKAP5;1;13
DYRK1B;1;58
WDR6;1;99
ADAR;1;128
EXOC4;1;27
C10orf105;1;31
SUN2;1;41
KIFC2;1;17
ASXL1;1;72
FAM189B;1;61
YBX3;1;25
VANGL2;1;42
CDKN1C;1;14
DEF8;1;26
MAP3K20;1;53
MOXD1;1;8
CIAO2A;1;20
RNF24;1;98
CTSC;1;59
CD4;1;38
FDPS;1;23
CEP120;1;92
PPP1R10;1;83
CAMSAP1;1;55
LAMA4;1;24
CALU;1;115
MCOLN2;1;29
SETBP1;1;52
TNFRSF11B;1;22
PIK3R3;1;50
RET;1;12
NCS1;1;96
RPRD2;1;183
KSR1;1;25
MSL2;1;74
HTT;1;74
POLI;1;40
SGMS2;1;51
DMTF1;1;46
COL5A3;1;21
DLG5;1;94
GREB1;1;63
DDB1;1;97
CDC42EP3;1;27
TNFRSF10B;1;177
SNX13;1;43
THEMIS2;1;7
MSH6;1;131
NEK7;1;108
ENOSF1;1;10
ABT1;1;64
ZNF146;1;53
AGPAT5;1;76
ZNF747;1;58
EXOC6;1;17
ZNF70;1;127
SOX9;1;40
CLDN1;1;44
INMT;1;64
CCDC74B;1;8
HEYL;1;65
FAM210A;1;70
DNAJA4;1;14
CRISPLD1;1;4
PDIA3;1;33
JAG2;1;30
RLF;1;60
RUFY2;1;92
BBC3;1;79
ZNF490;1;101
MLLT11;1;12
DUSP18;1;87
POF1B;1;14
SERAC1;1;53
VNN3;1;15
MGAT2;1;17
TCIM;1;24
FZD3;1;59
GPAT4;1;114
CD180;1;74
EIF4A1;1;52
PM20D2;1;70
BCL7A;1;99
ADCY6;1;48
NSD3;1;76
ARF4;1;23
DNTTIP2;1;120
ZBTB10;1;116
QPCTL;1;63
RASSF2;1;39
KIF3A;1;143
PIWIL2;1;28
ADAMTS2;1;21
STOX2;1;64
PRSS12;1;18
SLC19A3;1;84
CALD1;1;60
KRT18;1;13
CBL;1;75
TMOD3;1;178
SHMT2;1;60
EXPH5;1;49
ANKRD12;1;60
GTF3C4;1;131
DUSP7;1;109
ITM2A;1;18
CELSR1;1;16
TSHZ3;1;13
PDPK1;1;87
HGF;1;14
ISYNA1;1;44
BEND4;1;62
EVI5;1;98
MIPOL1;1;38
NHSL2;1;45
BRWD1;1;201
ZDHHC17;1;51
ZIC5;1;105
MFSD9;1;87
SLC25A23;1;26
SPTY2D1;1;115
G3BP2;1;164
KIAA0100;1;100
ABHD5;1;69
UBL3;1;50
RAB3D;1;40
LIPC;1;48
ITGB3;1;43
ANPEP;1;27
TCF7L1;1;6
TSPAN15;1;15
LSP1;1;21
SLC25A12;1;57
BMP7;1;22
PFN2;1;59
ANO5;1;12
RRAS2;1;43
GCNT3;1;56
KCNA4;1;9
TSC1;1;59
TBKBP1;1;40
CHL1;1;7
DUSP6;1;52
PCBP2;1;75
SH2B3;1;72
MLXIP;1;168
TSPAN4;1;7
TSPAN13;1;19
ATP8B3;1;32
PPARG;1;18
CPD;1;55
CASZ1;1;51
CYFIP2;1;24
MAP3K5;1;35
KMT2C;1;137
C12orf65;1;38
CCL5;1;43
RAD21;1;67
UBR4;1;153
CDC42EP2;1;7
CDC42BPB;1;19
ABCB1;1;21
SLC39A14;1;56
HMGCS1;1;117
AKAP13;1;76
PNN;1;46
OCRL;1;78
NFKBIZ;1;19
ACSL6;1;41
ST7;1;21
GPR180;1;66
ZNF99;1;98
ROBO2;1;18
MYH15;1;30
MKLN1;1;161
TMPRSS12;1;58
PER1;1;87
NME1;1;20
AHRR;1;37
TNFAIP8;1;34
HAPLN1;1;18
GDAP1L1;1;20
FAM13B;1;49
RNF123;1;13
CTDSPL2;1;80
NKX2-5;1;17
LRIF1;1;55
PHLDA3;1;116
ANKRD13B;1;55
PIGR;1;66
AMER1;1;108
NFYA;1;54
RPL13A;1;84
MME;1;37
GNPNAT1;1;64
TM9SF3;1;172
TUBB4B;1;35
NAP1L1;1;120
CLIP4;1;83
EXT1;1;63
ANKRD44;1;32
N4BP1;1;91
GLP2R;1;65
HLF;1;22
ZNF736;1;50
ARPC2;1;72
ADAMTS17;1;38
STX6;1;115
TMTC1;1;96
ZNF320;1;38
ZC3H13;1;30
PDE7B;1;38
XKR4;1;139
TUBB4A;1;41
STARD13;1;48
DUSP4;1;91
NIN;1;102
RREB1;1;199
PTK6;1;43
ZBTB47;1;82
PDE12;1;136
CTDSPL;1;53
DAG1;1;48
VDR;1;64
H2BC21;1;48
ATF7IP;1;180
LUZP1;1;151
CCNB1;1;92
AGPAT4;1;38
CCDC170;1;28
ADCY7;1;35
SCN3A;1;8
RASEF;1;28
PAFAH1B1;1;114
DECR1;1;28
ABHD18;1;99
SALL2;1;24
FARP1;1;24
SLC12A7;1;111
BTN3A3;1;39
COL6A3;1;29
CLDN11;1;37
HOXB5;1;56
ZBTB37;1;214
ANKFY1;1;162
CARD8;1;79
HSPA9;1;51
LRP3;1;43
ARL2BP;1;28
POLR2F;1;64
RNF19A;1;67
NLGN1;1;15
SLC1A5;1;116
BMPER;1;8
ZNF141;1;48
SAMD9L;1;51
TMEM30B;1;65
NSD1;1;213
PPP1R3G;1;37
FAM114A1;1;19
TAGLN;1;37
BAG4;1;97
WDR20;1;23
NOMO3;1;9
PLEKHA5;1;15
CDH13;1;26
C21orf91;1;64
FOXL1;1;35
ETS2;1;40
CTNNB1;1;134
ATP7A;1;38
ILF3;1;102
DOCK4;1;36
SLC25A6;1;29
LRRC58;1;265
OBSCN;1;15
MLLT10;1;99
TSPAN14;1;122
CSMD1;1;18
CAND2;1;10
RELN;1;14
KIAA1549L;1;41
ZFAND5;1;79
FSD1;1;5
SMO;1;12
MICAL3;1;23
APLF;1;8
PSIP1;1;22
SEL1L3;1;37
DAAM1;1;52
BACH1;1;205
NMNAT2;1;49
PXMP4;1;79
KPNA6;1;182
ELOVL5;1;82
TNFSF9;1;65
ENC1;1;54
CASP2;1;79
RASA2;1;55
ZDBF2;1;40
RPS6KA2;1;29
PAK6;1;32
SDCBP;1;47
BMT2;1;53
PATJ;1;47
MEIS1;1;37
ATP1B1;1;46
H2BC8;1;52
KIF13A;1;80
BIRC5;1;92
ATXN7L3B;1;174
RGL1;1;23
EIF5;1;111
NRIP3;1;70
OLR1;1;68
GRHL1;1;29
GLG1;1;109
CD59;1;97
PXYLP1;1;47
ZHX1;1;67
TANC2;1;44
SGO1;1;47
ATP1B3;1;77
ZNF514;1;75
TIMP3;1;26
ZNF100;1;66
PCMTD1;1;95
FLNA;1;82
IL5RA;1;23
KANSL1;1;147
NPNT;1;39
WDR44;1;12
PNISR;1;109
KIF11;1;35
ZMYM4;1;49
IRGQ;1;157
GDF7;1;23
SLFN11;1;60
SCN8A;1;21
TLE4;1;39
RPL8;1;20
ADCY9;1;88
COMMD2;1;56
AP3B1;1;51
SCML2;1;92
IQGAP2;1;21
SETD7;1;158
GUCD1;1;46
ZNF793;1;54
MCFD2;1;118
LRP10;1;78
SLC25A27;1;17
HCFC1;1;105
TMBIM6;1;190
NUCB1;1;67
TOGARAM2;1;47
C12orf4;1;41
MRRF;1;82
OTUD3;1;71
GNPTAB;1;105
SPART;1;60
S100PBP;1;60
ONECUT2;1;65
TACSTD2;1;7
RGS5;1;61
PTBP2;1;100
CCDC80;1;144
RPS6KA3;1;97
CAMK4;1;46
CREG1;1;20
ZNF24;1;98
AAK1;1;143
AGO3;1;249
P2RY1;1;37
GFPT1;1;171
C1RL;1;69
TAOK2;1;103
CENPT;1;7
IL31RA;1;13
ITGAX;1;10
TRAM2;1;74
CCR4;1;29
ELAVL2;1;83
CORO1C;1;76
H3C10;1;30
C2CD4A;1;14
SLC20A2;1;33
LONRF3;1;56
LAMP2;1;70
DSC3;1;33
PTPRN;1;11
GNAS;1;111
C16orf87;1;48
ESRP1;1;34
EPB41L1;1;41
NDRG3;1;35
XRRA1;1;30
HIC1;1;25
TGFBR1;1;99
GPI;1;59
MECP2;1;117
RTL10;1;83
PPP1R9B;1;98
BASP1;1;62
MGAT5;1;105
NCOA2;1;83
ERVMER34-1;1;22
RAB39B;1;21
GPX8;1;29
PLEKHG4B;1;42
CDC73;1;94
P4HB;1;97
TMC7;1;35
GATD3A;1;26
GPR83;1;3
SNRNP70;1;22
RNF169;1;23
GRAP2;1;38
TIAF1;1;25
CMTM4;1;74
ARID1A;1;190
WNT9A;1;32
SCYL3;1;56
PKN2;1;90
ZNF12;1;123
TRAF3IP2;1;90
RAP2C;1;106
VCPIP1;1;83
LMAN1;1;82
SLC30A7;1;128
CERCAM;1;44
NUP153;1;78
UBN2;1;264
CAMK1D;1;17
RUNX3;1;66
H2AC11;1;64
HDAC7;1;37
KLF4;1;39
PROSER2;1;29
RASGRP1;1;18
CTDSP1;1;54
COL4A5;1;32
SCAMP5;1;38
ACSL1;1;30
HECTD4;1;53
LOX;1;33
SERPING1;1;32
PEAK1;1;93
IGFBP3;1;44
TNFRSF1B;1;19
B3GNT5;1;35
WDR72;1;24
RPL32;1;37
LIPA;1;83
TMEM33;1;134
FBXO10;1;26
POFUT1;1;103
MIDN;1;282
ZNF568;1;19
POLQ;1;109
CAND1;1;188
CXCL3;1;9
COLEC12;1;30
GP5;1;53
SHROOM2;1;17
CCSAP;1;84
WT1;1;56
ZC3H11A;1;137
HCAR2;1;11
FMNL2;1;52
SPAG9;1;65
BICRAL;1;32
LILRA2;1;82
RBBP7;1;61
CA2;1;35
SIM2;1;27
MATN3;1;39
PRNP;1;75
UBXN7;1;102
ESYT1;1;97
ZNF577;1;3
ST8SIA4;1;22
SLC16A3;1;55
FOSL1;1;102
SETD5;1;238
CECR2;1;60
IGDCC4;1;44
H2AC6;1;10
CTSF;1;5
PIP5K1C;1;41
ACTA2;1;22
ZNF699;1;72
BCAS4;1;93
ATAD5;1;56
AKAP10;1;68
KLHDC10;1;164
FAM160B1;1;151
RHBDF2;1;49
POU2F1;1;239
PEBP1;1;52
UPP1;1;7
TGIF1;1;95
GLIPR1L2;1;17
CLPTM1L;1;36
PLEC;1;129
CHAC1;1;131
PNMA2;1;55
RPS4X;1;45
ATP8A1;1;13
NABP1;1;68
PLXNB2;1;36
PLS3;1;48
ADD2;1;54
TNRC6B;1;367
FNIP1;1;99
PRKAA1;1;130
ABCA1;1;26
STOM;1;34
WDR31;1;42
PAPSS2;1;37
MUC17;1;29
KDR;1;21
AATK;1;11
ADGRL1;1;115
FOXP4;1;66
PYGO1;1;71
CCNG2;1;58
BRPF3;1;71
NAV1;1;167
PPP1R3B;1;61
ADGRV1;1;18
PARK7;1;13
ANP32B;1;98
XPOT;1;100
KLHL21;1;139
NIBAN1;1;52
ZBTB7B;1;93
RPS6;1;35
PNKD;1;42
FAM126A;1;69
ZNF215;1;17
ALOX5;1;10
DGKH;1;81
YOD1;1;251
GIGYF2;1;63
GOLM1;1;28
BCL2L11;1;217
FYCO1;1;85
TOR4A;1;76
SHCBP1;1;47
HIC2;1;178
TMEM94;1;32
ABHD12;1;51
OGFRL1;1;68
HJURP;1;27
PPM1H;1;39
TTC39B;1;69
MTMR7;1;9
N4BP2;1;49
FAM126B;1;199
TLL1;1;25
FAM110C;1;22
TBC1D30;1;16
CANT1;1;41
PLK2;1;31
CXCL12;1;27
TSLP;1;15
ARHGAP42;1;26
SLC12A6;1;57
PSAT1;1;82
ASGR1;1;20
GSTCD;1;53
SEMA3A;1;15
SLC23A2;1;28
RPS24;1;56
ENPP1;1;43
UBQLN1;1;75
PICALM;1;50
GGCX;1;139
RBL2;1;34
ATN1;1;53
RBFOX2;1;117
DESI1;1;65
FIBCD1;1;51
PURB;1;262
RAB11FIP5;1;27
NT5DC1;1;25
BRIP1;1;39
MBNL3;1;75
HERPUD1;1;82
CAMSAP2;1;118
S100Z;1;3
FAM117B;1;68
PLAAT3;1;52
FBXL3;1;71
SLC18A2;1;14
SLC31A1;1;84
FLVCR1;1;108
DCC;1;29
TENM2;1;7
RARB;1;29
LNPK;1;120
BVES;1;96
PARP14;1;22
SPRY1;1;47
CGN;1;33
TOB2;1;142
FTH1;1;32
ARSJ;1;46
LRP12;1;44
USP53;1;61
SAT1;1;21
NF2;1;125
NEK6;1;18
RAP2B;1;140
POGZ;1;117
PDE4D;1;88
BDKRB2;1;35
BRD3;1;77
CACHD1;1;17
RDH11;1;127
ARL5B;1;203
TFDP2;1;128
TIMELESS;1;53
CYCS;1;133
EIF3I;1;34
SLC7A6;1;38
RPS23;1;26
TUSC3;1;15
CCT6A;1;50
ANKRD50;1;104
AOX1;1;8
JAGN1;1;19
ANKRD31;1;2
C4orf46;1;24
WDFY3;1;71
TOR1AIP1;1;61
PAPOLA;1;106
RAB23;1;71
PPP1R37;1;46
FAM110B;1;7
FADS1;1;93
PLOD1;1;14
GPM6B;1;17
C15orf39;1;41
MED12L;1;42
RACGAP1;1;101
TMEM135;1;40
PTMS;1;46
BTAF1;1;36
SPTLC2;1;126
PHF10;1;98
ESCO2;1;70
OBSL1;1;16
WDR12;1;64
YTHDF3;1;104
SLC7A5;1;286
ZNF665;1;94
XPO1;1;180
TRAF5;1;38
DIPK1A;1;22
POU2AF1;1;12
DNMT1;1;62
KIAA1109;1;60
GDAP1;1;10
ELOVL6;1;49
VCAM1;1;67
EBF3;1;8
BCL3;1;40
KRT80;1;84
MT-ND5;1;10
IRS4;1;116
RSRP1;1;22
MEOX2;1;10
CALCOCO2;1;72
MIER3;1;155
SNX24;1;31
SNPH;1;10
ZFPM1;1;18